Keyword,Search Volume,Source,Platform,Category,Priority,Community Name,Community URL,Image,Member Count,Language,Location,Verification,Health,Source URL,Landing Page,Status
study WhatsApp group,Unavailable,demand inventory,WhatsApp,Study & Education,Tier 2,IISER Bhopal 2026 Batch — Freshers WhatsApp Group,https://chat.whatsapp.com/Ilj0svoVbxwGOLzOKsOp9c,Unavailable,,English,"Bhopal, India",unverified,unknown,https://www.reddit.com/r/u_iiser_community/comments/1vwjfyv/iiser_bhopal_2026_batch_freshers_whatsapp_group/,/whatsapp-groups/study,added
JEE WhatsApp group,Unavailable,public Reddit source,WhatsApp,Competitive Exams,Tier 2,Maharashtra MBBS Counselling 2026 WhatsApp Group,https://chat.whatsapp.com/DUzJfmgmT37BMmqqCk0IWY,Unavailable,,English,"Maharashtra, India",unverified,unknown,https://www.reddit.com/r/MEDICOreTARDS/comments/1v4dh46/maharashtra_mbbs_counselling_2026_whatsapp_group/,/whatsapp-groups/study,added
NEET WhatsApp group,Unavailable,public Reddit source,WhatsApp,Competitive Exams,Tier 2,NEET PG INI CET 2026 Study Group,https://chat.whatsapp.com/JphhBuwslWu0krsgP3IJRs,Unavailable,,English,"India",unverified,unknown,https://www.reddit.com/r/NeetPgAspirants/comments/1q7c7hw/creating_study_group_for_neet_pg_2026_ini_cet/,/whatsapp-groups/study,added
job WhatsApp group,1000 India (Semrush snapshot),Semrush + public source,WhatsApp,Career & Jobs,Tier 2,ONCAMPUS (2026 BATCH) WhatsApp Group,https://chat.whatsapp.com/HkUUz46xWA12b3UnX7OKJ5,Unavailable,,English,"India",unverified,unknown,https://www.reddit.com/r/accenture_india/comments/1r2haf9/whatsapp_group_for_accenture_updates/,/whatsapp-groups/jobs,added
FMGE WhatsApp group,Unavailable,public Telegram channel,WhatsApp,Competitive Exams,Tier 2,FMGE June 2026 Affected Students,https://chat.whatsapp.com/L1NHjuJvAXOEnAWouBgrDG,Unavailable,,English,"India",unverified,unknown,https://t.me/s/fmgsupdates,/whatsapp-groups/study,added
FMGE WhatsApp group,Unavailable,public Telegram channel,WhatsApp,Competitive Exams,Tier 2,FMGE October 2026 Aspirants,https://chat.whatsapp.com/Bo0VrJJsg8cAUwHOG3E0LC,Unavailable,,English,"India",unverified,unknown,https://t.me/s/fmgsupdates,/whatsapp-groups/study,added
DevOps WhatsApp group,Unavailable,Luma event source,WhatsApp,Technology / Coding,Tier 2,fromDevtoOps DevOps Community Meetup Group,https://chat.whatsapp.com/DLVOSiwcDS50hPixNsj8q8,Unavailable,,English,"Chennai, Tamil Nadu, India",unverified,unknown,https://luma.com/xpsbal0x,/whatsapp-groups/coding,added
professional community WhatsApp group,Unavailable,public app source,WhatsApp,Other,Tier 4,Homeopaths Global WhatsApp Community,https://chat.whatsapp.com/Ds5ISNjoxa0JLo9CXBmmpJ,Unavailable,,English,Global,unverified,unknown,https://play.google.com/store/apps/details?hl=en-IN&id=com.manutech.mm,,added
student WhatsApp group,Unavailable,public university source,WhatsApp,Study & Education,Tier 2,IISER Bhopal 2026 Batch — Freshers WhatsApp Group,https://chat.whatsapp.com/Ilj0svoVbxwGOLzOKsOp9c,Unavailable,,English,"Bhopal, India",unverified,unknown,https://www.reddit.com/r/u_iiser_community/comments/1vwjfyv/iiser_bhopal_2026_batch_freshers_whatsapp_group/,/whatsapp-groups/study,added
UPSC Tamil WhatsApp group,5000 India Tamil WhatsApp group link (demand snapshot),public Telegram source,WhatsApp,Competitive Exams,Tier 1,Valaam IAS Academy UPSC Tamil Group,https://chat.whatsapp.com/L8ojuPjbmLUCysiQTKJac2,Unavailable,,Tamil,"Chennai, Tamil Nadu, India",unverified,unknown,https://t.me/s/tamilupsc,/whatsapp-groups/study,added
Tamil WhatsApp group,5000 India Tamil WhatsApp group link (demand snapshot),public tech source,WhatsApp,Technology / Coding,Tier 1,Tamilboomi Technology Community,https://chat.whatsapp.com/LuwXgVza8B3EaFmXwkKSwq,Unavailable,,Tamil,India,unverified,unknown,https://podcastaddict.com/podcast/tamil-tech-unplugged-ai-data-and-cloud-tamilboomi-podcast/3970621,/whatsapp-groups/coding,added
webinar WhatsApp group,Unavailable,public publisher source,WhatsApp,Other,Tier 4,Communication Today Webinar Updates,https://chat.whatsapp.com/HnwPqLEXE6o5TSLqKqDRr5,Unavailable,,English,"Jaipur, India",unverified,unknown,https://communicationtoday.net/,,added
digital marketing WhatsApp group,Unavailable,official university source,WhatsApp,Career & Jobs,Tier 3,Digital Marketing Launchpad Workshop Community,https://chat.whatsapp.com/DlVoDpVWGor4uR9ii6WT9d,Unavailable,,Malayalam/English,"Kannur, Kerala, India",unverified,unknown,https://www.kannuruniversity.ac.in/media/documents/U.O_Note.pdf,/whatsapp-groups/jobs,added
job WhatsApp group,1000 India (Semrush snapshot),public university source,WhatsApp,Career & Jobs,Tier 2,Airkrit India Graduate Hiring Updates,https://chat.whatsapp.com/DCR3bSilXWc0nnMGbNCTaL,Unavailable,,English,India,unverified,unknown,https://shridharuniversity.ac.in/placement,/whatsapp-groups/jobs,added
Tamil Telegram group,8100 India Malayalam/Tamil regional snapshot,Telegram public page,Telegram,Other,Tier 2,Tamil Chat - தமிழ்,https://t.me/tamil,Unavailable,53611,Tamil,Global,unverified,unknown,https://t.me/tamil,,added
Tamil Telegram group,Unavailable,Telegram public page,Telegram,Other,Tier 2,தமிழ் அரட்டை | Tamil Chat Group,https://t.me/Tamilnadu_Chat_Group,Unavailable,786,Tamil/English,"Tamil Nadu, India",unverified,unknown,https://t.me/Tamilnadu_Chat_Group,,added
Malayalam Telegram group,3600 India (Semrush snapshot),Telegram public page,Telegram,Other,Tier 2,Malayalam Telegram Group Link,https://t.me/+4Qh7zR_xxvk0ZjQ1,Unavailable,704,Malayalam,India,unverified,unknown,https://t.me/%2B4Qh7zR_xxvk0ZjQ1,,added
Malayalam Telegram group,8100 India regional snapshot,Telegram public page,Telegram,Music,Tier 2,Malayalam Lossless Community,https://t.me/+PWhMQ7BOuZQ1MWNl,Unavailable,5757,Malayalam,India,unverified,unknown,https://t.me/%2BPWhMQ7BOuZQ1MWNl,,added
jobs Telegram group,Unavailable,Telegram public page,Telegram,Career & Jobs,Tier 2,Jobs Posting / Searching,https://t.me/Jobs_In_Bangalore,Unavailable,21438,English,India,unverified,unknown,https://t.me/Jobs_In_Bangalore,/telegram-groups/jobs,added
jobs Telegram group,Unavailable,Telegram public page,Telegram,Career & Jobs,Tier 2,Job seekers in Tamil Nadu, Chennai,https://t.me/jobs_in_chennai,Unavailable,16830,English,"Chennai, Tamil Nadu, India",unverified,unknown,https://t.me/jobs_in_chennai,/telegram-groups/jobs,added
jobs Telegram group,1000 India (Semrush snapshot),Telegram public page,Telegram,Career & Jobs,Tier 2,Kerala IT Jobs-Careers,https://t.me/keralaITjobs,Unavailable,1355,English,"Kerala, India",unverified,unknown,https://t.me/keralaITjobs,/telegram-groups/jobs,added
JEE Telegram group,Unavailable,Telegram public page,Telegram,Competitive Exams,Tier 2,Vedantu JEE Champions,https://t.me/JEE_Vedantu,Unavailable,1008,English,India,unverified,unknown,https://t.me/JEE_Vedantu,/telegram-groups/jee,added
JEE Telegram group,Unavailable,Telegram public page,Telegram,Competitive Exams,Tier 2,JEE FOUNDATION NTSE PRMO,https://t.me/jee_foundation,Unavailable,118,English,India,unverified,unknown,https://t.me/jee_foundation,/telegram-groups/jee,added
JEE Telegram group,Unavailable,Telegram public page,Telegram,Competitive Exams,Tier 2,JEE NEET DISCUSSION GROUP,https://t.me/jee_discussion_group,Unavailable,471,English/Hindi,India,unverified,unknown,https://t.me/jee_discussion_group,/telegram-groups/jee,added
JEE Telegram group,Unavailable,Telegram public page,Telegram,Competitive Exams,Tier 2,Maths Doubt Solving IIT-JEE,https://t.me/jeemathstricks,Unavailable,1048,English/Hindi,India,unverified,unknown,https://t.me/jeemathstricks,/telegram-groups/jee,added
NEET Telegram group,Unavailable,Telegram public page,Telegram,Competitive Exams,Tier 2,INI-CET | NEET PG 2026 | FMGE | Group,https://t.me/INICET_Group,Unavailable,48108,English,India,unverified,unknown,https://t.me/INICET_Group,/telegram-groups/jee,added
NEET Telegram group,Unavailable,Telegram public page,Telegram,Competitive Exams,Tier 2,Target ⚕NEETPG Group,https://t.me/targetneetpggroup,Unavailable,15024,English,India,unverified,unknown,https://t.me/targetneetpggroup,/telegram-groups/jee,added
NEET Telegram group,Unavailable,Telegram public page,Telegram,Competitive Exams,Tier 2,NEET PG PREP | FMGE | & UPDATES,https://t.me/NEET_PG_FMGE_Preparation_Group,Unavailable,20282,English,India,unverified,unknown,https://t.me/NEET_PG_FMGE_Preparation_Group,/telegram-groups/jee,added
NEET Telegram group,Unavailable,Telegram public page,Telegram,Competitive Exams,Tier 2,NEET PG | INI-CET | FMGE With Unacademy,https://t.me/unacademyneetpg,Unavailable,11640,English,India,unverified,unknown,https://t.me/unacademyneetpg,/telegram-groups/jee,added
coding Telegram group,Unavailable,Telegram public page,Telegram,Technology / Coding,Tier 2,Coding Chat,https://t.me/CodingChat,Unavailable,462,English,Global,unverified,unknown,https://t.me/CodingChat,/telegram-groups/coding,added
coding Telegram group,Unavailable,Telegram public page,Telegram,Technology / Coding,Tier 2,Coding Practice Questions Daily,https://t.me/coding_practice_questions_group,Unavailable,499,English,Global,unverified,unknown,https://t.me/coding_practice_questions_group,/telegram-groups/coding,added
stock market WhatsApp group,1400 India (Ahrefs snapshot),Telegram public page,Telegram,Other,Tier 2,Stocks Discussion group,https://t.me/stockforindia,Unavailable,1052,English,India,unverified,unknown,https://t.me/stockforindia,,added
stock market WhatsApp group,1400 India (Ahrefs snapshot),Telegram public page,Telegram,Other,Tier 2,EzPaisa chat group,https://t.me/ezpaisa_group,Unavailable,2927,English,India,unverified,unknown,https://t.me/ezpaisa_group,,added
gaming Discord server,Unavailable,DISBOARD public listing,Telegram,Gaming,Tier 1,CHOICE GAMING GROUP,https://t.me/choicegp,Unavailable,1474,English,Global,unverified,unknown,https://t.me/choicegp,,added
gaming Discord server,Unavailable,DISBOARD/public gaming source,Telegram,Gaming,Tier 1,GAM3S.GG ✔,https://t.me/gam3sgg,Unavailable,12515,English,Global,unverified,unknown,https://t.me/gam3sgg,,added
anime Telegram group,Unavailable,Telegram public page,Telegram,Anime,Tier 2,➤ Anime Sigma Requests,https://t.me/%2BPYQptjjZyRRmZTYx,Unavailable,5489,English,Global,unverified,unknown,https://t.me/%2Bfmrv8926PhQ3NzZh,/telegram-groups/anime,added
anime Telegram group,Unavailable,Telegram public page,Telegram,Anime,Tier 2,Anime House,https://t.me/+3T7RQtHCstljYTVh,Unavailable,1277,English,Global,unverified,unknown,https://t.me/%2B3T7RQtHCstljYTVh,/telegram-groups/anime,added
